Country,Issuer Name,Series,Bond_Type,Maturity,TTM,Yield,Swap_Rate,Spread_bps,Coupon,Amount
France,French Republic Government Bond OAT,OAT,Nominal,2035-05-25,11.006160164271048,3.415439124862955,2.8543080082135526,56.11311166494026,3.2,50104000000.0
France,French Republic Government Bond OAT,OAT,Nominal,2034-11-25,10.510609171800137,3.349525622275655,2.8270835044490075,52.24421178266474,3.0,43751000000.0
France,French Republic Government Bond OAT,OAT,Nominal,2072-05-25,48.0082135523614,4.173500815607177,3.050552361396304,112.2948454210873,0.5,14472000000.0
France,French Republic Government Bond OAT,OAT,Nominal,2055-05-25,31.006160164271048,4.370369538771206,3.1248809034907596,124.54886352804459,3.25,24174000000.0
France,French Republic Government Bond OAT,OAT,Nominal,2056-05-25,32.0082135523614,4.398196240067657,3.1217745379876796,127.64217020799774,3.75,19478000000.0
France,French Republic Government Bond OAT,OAT,Nominal,2029-02-25,4.763860369609857,2.4622365993589326,2.4346365503080083,2.760004905092428,2.75,58225000000.0
France,French Republic Government Bond OAT,OAT,Nominal,2033-11-25,9.51129363449692,3.2107126374183688,2.7701663244353183,44.05463129830505,3.5,55439000000.0
France,French Republic Government Bond OAT,OAT,Nominal,2031-02-25,6.76249144421629,2.801641955551989,2.5874243668720056,21.421758867998353,2.7,38875000000.0
France,French Republic Government Bond OAT,OAT,Nominal,2030-02-25,5.763175906913073,2.634399563904919,2.5127645448323066,12.163501907261232,2.75,56570000000.0
France,French Republic Government Bond OAT,OAT,Nominal,2054-05-25,30.00684462696783,4.3575153858641755,3.1279787816563998,122.95366042077758,3.0,25978000000.0
France,French Republic Government Bond OAT,OAT,Nominal,2026-09-24,2.3408624229979464,2.101433230456708,2.2269733059548256,-12.554007549811752,2.5,27651000000.0
France,French Republic Government Bond OAT,OAT,Nominal,2033-05-25,9.007529089664613,3.138446715856786,2.7404442162902125,39.80024995665734,3.0,45720000000.0
France,French Republic Government Bond OAT,OAT,Nominal,2040-05-25,16.008213552361397,3.8856358492070036,3.036147843942505,84.94880052644986,0.5,34330000000.0
France,French Republic Government Bond OAT,OAT,Nominal,2028-09-24,4.342231348391513,2.389216429822464,2.4000629705681042,-1.0846540745640176,2.4,44383000000.0
France,French Republic Government Bond OAT,OAT,Nominal,2027-09-24,3.3401779603011637,2.2037666634258066,2.3132758384668035,-10.950917504099689,2.5,44301000000.0
France,French Republic Government Bond OAT,OAT,Nominal,2034-05-25,10.00684462696783,3.298042573100083,2.7993764544832307,49.86661186168524,1.25,65035000000.0
France,French Republic Government Bond OAT,OAT,Nominal,2042-05-25,18.00684462696783,3.981718772211387,3.072123203285421,90.95955689259662,3.6,17572000000.0
France,French Republic Government Bond OAT,OAT,Nominal,2035-04-25,10.924024640657084,3.3758361783182727,2.8498213552361396,52.601482308213306,4.75,35936000000.0
France,French Republic Government Bond OAT,OAT,Nominal,2032-11-25,8.511978097193703,3.064949005310616,2.708766598220397,35.61824070902189,2.0,56408000000.0
France,French Republic Government Bond OAT,OAT,Nominal,2031-11-25,7.509924709103354,2.9072217618808516,2.641204654346338,26.601710753451346,0.0,59865000000.0
France,French Republic Government Bond OAT,OAT,Nominal,2028-05-25,4.008213552361396,2.32649079051342,2.3726735112936344,-4.618272078021457,0.75,67202000000.0
France,French Republic Government Bond OAT,OAT,Nominal,2043-05-25,19.006160164271048,4.027259627401644,3.090110882956879,93.71487444447655,2.5,25939000000.0
France,French Republic Government Bond OAT,OAT,Nominal,2038-05-25,14.00684462696783,3.7468713715187363,2.9802600958247774,76.66112756939589,1.25,33712000000.0
France,French Republic Government Bond OAT,OAT,Nominal,2029-05-25,5.007529089664613,2.502388941962272,2.4545797399041756,4.780920205809647,0.5,58805000000.0
France,French Republic Government Bond OAT,OAT,Nominal,2032-05-25,8.008213552361397,2.9919032023737246,2.6765256673511297,31.53775350225949,0.0,47745000000.0
France,French Republic Government Bond OAT,OAT,Nominal,2028-11-25,4.511978097193703,2.4131614351243167,2.4139822039698835,-0.08207688455668105,0.75,62095000000.0
France,French Republic Government Bond OAT,OAT,Nominal,2030-05-25,6.006844626967831,2.654008641819947,2.5315065023956196,12.250213942432753,2.5,70882000000.0
France,French Republic Government Bond OAT,OAT,Nominal,2029-11-25,5.51129363449692,2.573012623853743,2.493369609856263,7.964301399747997,0.0,49931000000.0
France,French Republic Government Bond OAT,OAT,Nominal,2026-02-25,1.7631759069130732,2.0798179408157536,2.1790540725530456,-9.923613173729207,0.0,33144500000.0
France,French Republic Government Bond OAT,OAT,Nominal,2027-02-25,2.7624914442162902,2.135782254148455,2.2628117727583845,-12.70295186099295,0.0,45860000000.0
France,French Republic Government Bond OAT,OAT,Nominal,2045-05-25,21.00752908966461,4.07364427554681,3.1124331279945245,96.12111475522855,3.25,31657000000.0
France,French Republic Government Bond OAT,OAT,Nominal,2036-05-25,12.008213552361397,3.5522738670286342,2.904312114989733,64.79617520389014,1.25,59448000000.0
France,French Republic Government Bond OAT,OAT,Nominal,2039-06-25,15.091033538672143,3.7835177219690994,3.0196386036960985,76.38791182730009,1.75,36304000000.0
France,French Republic Government Bond OAT,OAT,Nominal,2053-05-25,29.00752908966461,4.335569295049824,3.128396988364134,120.71723066856902,0.75,33416000000.0
France,French Republic Government Bond OAT,OAT,Nominal,2027-10-25,3.4250513347022586,2.2163369478562545,2.320829568788501,-10.449262093224654,2.75,61863000000.0
France,French Republic Government Bond OAT,OAT,Nominal,2049-06-25,25.09240246406571,4.206811401469678,3.1299630390143736,107.68483624553045,3.0,16443000000.0
France,French Republic Government Bond OAT,OAT,Nominal,2060-04-25,35.92607802874743,4.433663217309474,3.109629158110883,132.40340591985907,4.0,22843000000.0
France,French Republic Government Bond OAT,OAT,Nominal,2031-05-25,7.006160164271047,2.8264734502582116,2.6054373716632444,22.10360785949672,1.5,68285000000.0
France,French Republic Government Bond OAT,OAT,Nominal,2028-02-25,3.761806981519507,2.283370359362481,2.350800821355236,-6.743046199275504,0.75,51553000000.0
France,French Republic Government Bond OAT,OAT,Nominal,2030-11-25,6.510609171800137,2.7471229972529487,2.5687850787132103,17.833791853973846,0.0,58857000000.0
France,French Republic Government Bond OAT,OAT,Nominal,2026-05-25,2.00684462696783,2.0677472032665776,2.1985817932922656,-13.083459002568798,0.5,33277000000.0
France,French Republic Government Bond OAT,OAT,Nominal,2044-06-25,20.093086926762492,4.049542735843007,3.108409582477755,94.11331533652518,0.5,26192000000.0
France,French Republic Government Bond OAT,OAT,Nominal,2026-11-25,2.510609171800137,2.1140841517142057,2.2414017796030117,-12.731762788880596,0.25,36988000000.0
France,French Republic Government Bond OAT,OAT,Nominal,2032-10-25,8.427104722792608,3.0255931893049586,2.703334702258727,32.22584870462315,5.75,35192322600.0
France,French Republic Government Bond OAT,OAT,Nominal,2026-04-25,1.9247091033538672,2.0749354411802825,2.191976728268309,-11.704128708802664,3.5,32113500000.0
France,French Republic Government Bond OAT,OAT,Nominal,2041-04-25,16.92539356605065,3.8834706673977966,3.052657084188912,83.08135832088848,4.5,40476000000.0
France,French Republic Government Bond OAT,OAT,Nominal,2055-04-25,30.924024640657084,4.34084692415102,3.125135523613963,121.57114005370566,4.0,23988000000.0
France,French Republic Government Bond OAT,OAT,Nominal,2029-04-25,4.9253935660506505,2.4854665320085685,2.4478822724161535,3.758425959241496,5.5,44514880462.0
France,French Republic Government Bond OAT,OAT,Nominal,2050-05-25,26.00684462696783,4.266587806819051,3.129597262149213,113.69905446698381,1.5,34348000000.0
France,French Republic Government Bond OAT,OAT,Nominal,2052-05-25,28.008213552361397,4.309735118732369,3.1287967145790554,118.09384041533133,0.75,33622000000.0
France,French Republic Government Bond OAT,OAT,Nominal,2066-05-25,42.00684462696783,4.426728231830955,3.0853603011635866,134.13679306673686,1.75,18394000000.0
France,French Republic Government Bond OAT,OAT,Nominal,2027-05-25,3.0061601642710474,2.1555055733321886,2.2835482546201233,-12.804268128793472,1.0,44164000000.0
France,French Republic Government Bond OAT,OAT,Nominal,2038-10-25,14.425735797399042,3.7299676000990125,2.9961779603011633,73.37896397978491,4.0,27913000000.0
France,French Republic Government Bond OAT,OAT,Nominal,2048-05-25,24.008213552361397,4.193483732927681,3.12563613963039,106.78475932972908,2.0,30644000000.0
France,French Republic Government Bond OAT,OAT,Nominal,2035-11-25,11.509924709103354,3.4812293747011482,2.879496235455168,60.173313924598034,3.5,22072000000.0
Allemagne,Bundesrepublik Deutschland Bundesanleihe,#N/A Field Not Applicable,Nominal,2034-08-15,10.231348391512663,2.6810401921682008,2.8117241615331965,-13.068396936499571,2.6,37891000000.0
Allemagne,Bundesrepublik Deutschland Bundesanleihe,TWIN,Nominal,2035-02-15,10.735112936344969,2.719405363029422,2.8394312114989733,-12.002584846955111,2.5,35857500000.0
Allemagne,Bundesrepublik Deutschland Bundesanleihe,#N/A Field Not Applicable,Nominal,2035-08-15,11.23066392881588,2.7554365369206812,2.865533196440794,-11.009665952011272,2.6,39446250000.0
Allemagne,Bundesrepublik Deutschland Bundesanleihe,#N/A Field Not Applicable,Nominal,2054-08-15,30.23134839151266,3.379977270750253,3.127282819986311,25.269445076394213,2.5,28490150000.0
Allemagne,Bundesrepublik Deutschland Bundesanleihe,#N/A Field Not Applicable,Nominal,2034-02-15,9.735797399041752,2.644960440027608,2.7834120465434635,-13.845160651585564,2.2,38325000000.0
Allemagne,Bundesrepublik Deutschland Bundesanleihe,#N/A Field Not Applicable,Nominal,2033-08-15,9.232032854209445,2.598180522783407,2.7536899383983573,-15.550941561495035,2.6,34278950000.0
Allemagne,Bundesrepublik Deutschland Bundesanleihe,#N/A Field Not Applicable,Nominal,2056-08-15,32.23271731690623,3.3890600827131303,3.121078576317591,26.798150639553953,2.9,19632600000.0
Allemagne,Bundesrepublik Deutschland Bundesanleihe,TWIN,Nominal,2031-08-15,7.230663928815879,2.3943447758046243,2.6213771389459275,-22.703236314130315,0.0,38000000000.0
Allemagne,Bundesrepublik Deutschland Bundesanleihe,#N/A Field Not Applicable,Nominal,2052-08-15,28.23271731690623,3.391652593439498,3.1287069130732377,26.294568036626043,0.0,40775550000.0
Allemagne,Bundesrepublik Deutschland Bundesanleihe,#N/A Field Not Applicable,Nominal,2046-08-15,22.23134839151266,3.277159931965392,3.1178179329226556,15.93419990427365,2.5,50054000000.0
Allemagne,Bundesrepublik Deutschland Bundesanleihe,#N/A Field Not Applicable,Nominal,2032-08-15,8.232717316906228,2.4910427089563867,2.690893908281999,-19.985119932561226,1.7,28467600000.0
Allemagne,Bundesrepublik Deutschland Bundesanleihe,#N/A Field Not Applicable,Nominal,2026-02-15,1.7357973990417521,1.842586212062236,2.1768637919233402,-33.42775798611042,0.5,36685850000.0
Allemagne,Bundesrepublik Deutschland Bundesanleihe,TWIN,Nominal,2033-02-15,8.736481861738536,2.553141786287181,2.7231348391512666,-16.999305286408585,2.3,41417100000.0
Allemagne,Bundesrepublik Deutschland Bundesanleihe,TWIN,Nominal,2030-08-15,6.231348391512663,2.2951877492863426,2.548119780971937,-25.29320316855945,0.0,37496550000.0
Allemagne,Bundesrepublik Deutschland Bundesanleihe,TWIN,Nominal,2050-08-15,26.23134839151266,3.38542376528157,3.129507460643395,25.591630463817516,0.0,50682450000.0
Allemagne,Bundesrepublik Deutschland Bundesanleihe,#N/A Field Not Applicable,Nominal,2029-08-15,5.232032854209446,2.2046831973059566,2.4718665297741276,-26.718333246817096,0.0,33240600000.0
Allemagne,Bundesrepublik Deutschland Bundesanleihe,#N/A Field Not Applicable,Nominal,2031-02-15,6.7351129363449695,2.3459664343116415,2.585398357289528,-23.943192297788627,0.0,34241200000.0
Allemagne,Bundesrepublik Deutschland Bundesanleihe,#N/A Field Not Applicable,Nominal,2044-07-04,20.11772758384668,3.2382286380552796,3.1085180013689255,12.971063668635407,2.5,45733200000.0
Allemagne,Bundesrepublik Deutschland Bundesanleihe,TWIN,Nominal,2053-08-15,29.232032854209447,3.380624992884267,3.1283071868583163,25.231780602595055,1.8,33017600000.0
Allemagne,Bundesrepublik Deutschland Bundesanleihe,#N/A Field Not Applicable,Nominal,2029-11-15,5.4839151266255985,2.2527408416310544,2.4912614647501714,-23.852062311911702,2.1,25487800000.0
Allemagne,Bundesrepublik Deutschland Bundesanleihe,#N/A Field Not Applicable,Nominal,2027-02-15,2.735112936344969,1.9972556371897605,2.260484599589322,-26.32289623995616,0.25,32442850000.0
Allemagne,Bundesrepublik Deutschland Bundesanleihe,#N/A Field Not Applicable,Nominal,2028-02-15,3.7344284736481863,2.035767379607314,2.3483641341546884,-31.259675454737447,0.5,34584750000.0
Allemagne,Bundesrepublik Deutschland Bundesanleihe,#N/A Field Not Applicable,Nominal,2032-02-15,7.734428473648186,2.451603830700533,2.657144421629021,-20.554059092848842,0.0,35206700000.0
Allemagne,Bundesrepublik Deutschland Bundesanleihe,#N/A Field Not Applicable,Nominal,2029-02-15,4.736481861738535,2.144116271135833,2.43239151266256,-28.827524152672712,0.25,33874850000.0
Allemagne,Bundesrepublik Deutschland Bundesanleihe,#N/A Field Not Applicable,Nominal,2035-05-15,10.978781656399725,2.7672095548224585,2.852832991101985,-8.562343627952673,0.0,25702250000.0
Allemagne,Bundesrepublik Deutschland Bundesanleihe,#N/A Field Not Applicable,Nominal,2026-08-15,2.2313483915126624,1.964293617542809,2.2176646132785764,-25.33709957357675,0.0,35951500000.0
Allemagne,Bundesrepublik Deutschland Bundesanleihe,#N/A Field Not Applicable,Nominal,2038-05-15,13.979466119096509,3.003492205223345,2.979219712525667,2.427249269767806,1.0,32965625000.0
Allemagne,Bundesrepublik Deutschland Bundesanleihe,#N/A Field Not Applicable,Nominal,2030-02-15,5.735797399041752,2.253240648535404,2.5106563997262152,-25.741575119081126,0.0,31141600000.0
Allemagne,Bundesrepublik Deutschland Bundesanleihe,#N/A Field Not Applicable,Nominal,2041-05-15,16.980150581793293,3.1464604551882873,3.053642710472279,9.281774471600812,2.6,19155600000.0
Allemagne,Bundesrepublik Deutschland Bundesanleihe,#N/A Field Not Applicable,Nominal,2036-05-15,11.980835044490075,2.8536211310498993,2.9030417522245036,-4.942062117460422,0.0,32460200000.0
Allemagne,Bundesrepublik Deutschland Bundesanleihe,#N/A Field Not Applicable,Nominal,2028-08-15,4.232717316906228,2.081836501510569,2.391082819986311,-30.92463184757417,0.25,33270900000.0
Allemagne,Bundesrepublik Deutschland Bundesanleihe,#N/A Field Not Applicable,Nominal,2027-08-15,3.2306639288158796,2.03215812193583,2.3035290896646132,-27.137096772878344,0.5,37241750000.0
Allemagne,Bundesrepublik Deutschland Bundesanleihe,G,Nominal,2035-02-15,10.735112936344969,2.707730825744385,2.8394312114989733,-13.17003857545882,2.5,6438275000.0
Allemagne,Bundesrepublik Deutschland Bundesanleihe,#N/A Field Not Applicable,Nominal,2030-11-15,6.483230663928816,2.3590000583346975,2.5667590691307325,-20.7759010796035,2.4,30872800000.0
Allemagne,Bundesrepublik Deutschland Bundesanleihe,#N/A Field Not Applicable,Nominal,2042-07-04,18.116358658453116,3.1723103470011873,3.074094455852156,9.821589114903118,3.25,28270000000.0
Allemagne,Bundesrepublik Deutschland Bundesanleihe,#N/A Field Not Applicable,Nominal,2048-08-15,24.23271731690623,3.3310394469425324,3.126623956194387,20.441549074814525,1.25,48974500000.0
Allemagne,Bundesrepublik Deutschland Bundesanleihe,#N/A Field Not Applicable,Nominal,2034-07-04,10.116358658453114,2.633888860832346,2.805399726214921,-17.1510865382575,4.75,26293400000.0
Allemagne,Bundesrepublik Deutschland Bundesanleihe,#N/A Field Not Applicable,Nominal,2039-07-04,15.11567419575633,3.027422558695888,3.0200821355236136,0.7340423172274235,4.25,24857525000.0
Allemagne,Bundesrepublik Deutschland Bundesanleihe,#N/A Field Not Applicable,Nominal,2027-11-15,3.482546201232033,2.0225972547565974,2.325946611909651,-30.334935715305367,0.0,23720400000.0
Allemagne,Bundesrepublik Deutschland Bundesanleihe,#N/A Field Not Applicable,Nominal,2028-11-15,4.484599589322382,2.1010389563391296,2.4117371663244356,-31.069820998530595,0.0,32718600000.0
Allemagne,Bundesrepublik Deutschland Bundesanleihe,#N/A Field Not Applicable,Nominal,2037-01-04,12.621492128678987,2.863733388037052,2.9276167008898013,-6.3883312852749174,4.0,36815400000.0
Allemagne,Bundesrepublik Deutschland Bundesanleihe,G,Nominal,2050-08-15,26.23134839151266,3.362151985351991,3.129507460643395,23.26445247085962,0.0,15576675000.0
Allemagne,Bundesrepublik Deutschland Bundesanleihe,#N/A Field Not Applicable,Nominal,2040-07-04,16.11772758384668,3.068390835648996,3.03811909650924,3.0271739139756004,4.75,36116900000.0
Allemagne,Bundesrepublik Deutschland Bundesanleihe,#N/A Field Not Applicable,Nominal,2027-07-04,3.1156741957563314,2.021536627363449,2.2932950034223136,-27.175837605886464,6.5,
Allemagne,Bundesrepublik Deutschland Bundesanleihe,G,Nominal,2030-08-15,6.231348391512663,2.289857169675491,2.548119780971937,-25.826261129644614,0.0,12984400000.0
Allemagne,Bundesrepublik Deutschland Bundesanleihe,G,Nominal,2033-02-15,8.736481861738536,2.547319591676676,2.7231348391512666,-17.581524747459063,2.3,13256400000.0
Allemagne,Bundesrepublik Deutschland Bundesanleihe,#N/A Field Not Applicable,Nominal,2030-01-04,5.620807665982204,2.2523804965919427,2.50180219028063,-24.942169368868726,6.25,11856925000.0
Allemagne,Bundesrepublik Deutschland Bundesanleihe,G,Nominal,2053-08-15,29.232032854209447,3.366136543668164,3.1283071868583163,23.78293568098475,1.8,13098000000.0
Allemagne,Bundesrepublik Deutschland Bundesanleihe,G,Nominal,2031-08-15,7.230663928815879,2.3882776777816694,2.6213771389459275,-23.309946116425806,0.0,11228050000.0
Allemagne,Bundesrepublik Deutschland Bundesanleihe,#N/A Field Not Applicable,Nominal,2028-07-04,4.117727583846681,2.0747116473687632,2.381653661875428,-30.69420145066646,4.75,
Allemagne,Bundesrepublik Deutschland Bundesanleihe,#N/A Field Not Applicable,Nominal,2031-01-04,6.620123203285421,2.356371592697558,2.5768891170431214,-22.05175243455635,5.5,18055700000.0
Allemagne,Bundesrepublik Deutschland Bundesanleihe,#N/A Field Not Applicable,Nominal,2028-01-04,3.619438740588638,2.053005112173014,2.3381300479123888,-28.51249357393746,5.625,
Allemagne,Bundesrepublik Deutschland Bundesanleihe,#N/A Field Not Applicable,Nominal,2032-11-15,8.484599589322382,2.545331634572015,2.707014373716633,-16.168273914461786,2.5,12872200000.0
Italie,Italy Buoni Poliennali Del Tesoro,7Y,Nominal,2031-11-15,7.482546201232033,2.9309016186403136,2.6392607802874744,29.164083835283925,3.15,21100000000.0
Italie,Italy Buoni Poliennali Del Tesoro,11Y,Nominal,2035-02-01,10.69678302532512,3.3781714344697455,2.8373230663928815,54.08483680768641,3.85,20900000000.0
Italie,Italy Buoni Poliennali Del Tesoro,10Y,Nominal,2035-08-01,11.19233401779603,3.440626031081173,2.8636167008898017,57.700933019137146,3.65,21372835000.0
Italie,Italy Buoni Poliennali Del Tesoro,30Y,Nominal,2054-10-01,30.360027378507873,4.3706529857032494,3.126883915126626,124.37690705766235,4.3,14750000000.0
Italie,Italy Buoni Poliennali Del Tesoro,7Y,Nominal,2031-07-15,7.145790554414784,2.868618325114003,2.6153511293634497,25.32671957505532,3.45,19200000000.0
Italie,Italy Buoni Poliennali Del Tesoro,30Y,Nominal,2053-10-01,29.360711841204655,4.350548543975963,3.1282557152635184,122.22928287124444,4.5,14500000000.0
Italie,Italy Buoni Poliennali Del Tesoro,5Y,Nominal,2030-07-01,6.108145106091718,2.6951662333210447,2.539002737850787,15.616349547025754,2.95,18075000000.0
Italie,Italy Buoni Poliennali Del Tesoro,5Y,Nominal,2029-10-01,5.360711841204655,2.5693352293266747,2.4817748117727585,8.75604175539162,3.0,16200000000.0
Italie,Italy Buoni Poliennali Del Tesoro,15Y,Nominal,2040-10-01,16.361396303901437,3.909176854591112,3.0425051334702258,86.66717211208864,3.85,16850000000.0
Italie,Italy Buoni Poliennali Del Tesoro,2Y,Nominal,2027-02-25,2.7624914442162902,2.1524231108567937,2.2628117727583845,-11.03886619015908,2.55,17150000000.0
Italie,Italy Buoni Poliennali Del Tesoro,2Y,Nominal,2026-08-28,2.2669404517453797,2.0724261432892632,2.2206899383983574,-14.826379510909415,3.1,14256167000.0
Italie,Italy Buoni Poliennali Del Tesoro,16Y,Nominal,2035-03-01,10.77344284736482,3.3468241777978136,2.841539356605065,50.528482119274855,3.35,22604000000.0
Italie,Italy Buoni Poliennali Del Tesoro,10Y,Nominal,2033-11-01,9.44558521560575,3.209643023812192,2.766289527720739,44.33534960914529,4.35,20200000000.0
Italie,Italy Buoni Poliennali Del Tesoro,50Y,Nominal,2072-03-01,47.775496235455165,4.166654518352808,3.05190212183436,111.4752396518448,2.15,8650000000.0
Italie,Italy Buoni Poliennali Del Tesoro,3Y,Nominal,2028-06-15,4.0657084188911705,2.32724344701305,2.377388090349076,-5.01446433360262,2.65,15940686000.0
Italie,Italy Buoni Poliennali Del Tesoro,10Y,Nominal,2034-07-01,10.108145106091717,3.3050150385961485,2.8049479808350446,50.006705776110394,3.85,19521883000.0
Italie,Italy Buoni Poliennali Del Tesoro,31Y,Nominal,2037-02-01,12.698151950718685,3.5480690627233358,2.9305297741273098,61.7539288596026,4.0,34219008000.0
Italie,Italy Buoni Poliennali Del Tesoro,5Y,Nominal,2030-10-01,6.360027378507871,2.7431468618362542,2.5576420260095825,18.550483582667177,2.7,18250000000.0
Italie,Italy Buoni Poliennali Del Tesoro,31Y,Nominal,2051-09-01,27.277207392197127,4.242272437867278,3.129089117043121,111.31833208241572,1.7,17375000000.0
Italie,Italy Buoni Poliennali Del Tesoro,31Y,Nominal,2048-03-01,23.77549623545517,4.1650401573001705,3.1246121834360028,104.04279738641678,3.45,19881254000.0
Italie,Italy Buoni Poliennali Del Tesoro,3Y,Nominal,2027-07-15,3.1457905544147846,2.1801509664758134,2.2959753593429157,-11.582439286710233,3.45,14121391000.0
Italie,Italy Buoni Poliennali Del Tesoro,2Y,Nominal,2027-08-26,3.260780287474333,2.205444887635899,2.3062094455852153,-10.076455794931638,2.1,16876496000.0
Italie,Italy Buoni Poliennali Del Tesoro,10Y,Nominal,2032-12-01,8.528405201916495,3.060128427779807,2.7098179329226557,35.031049485715116,2.5,23188000000.0
Italie,Italy Buoni Poliennali Del Tesoro,30Y,Nominal,2049-09-01,25.27857631759069,4.192116632030074,3.1298885694729637,106.22280625571103,3.85,18117966000.0
Italie,Italy Buoni Poliennali Del Tesoro,20Y,Nominal,2046-04-30,21.93839835728953,4.11217020213317,3.116528952772074,99.56412493610958,4.1,5000000000.0
Italie,Italy Buoni Poliennali Del Tesoro,3Y,Nominal,2027-10-15,3.3976728268309375,2.2213133665954565,2.3183928815879535,-9.7079514992497,2.7,15400000000.0
Italie,Italy Buoni Poliennali Del Tesoro,15Y,Nominal,2039-10-01,15.359342915811089,3.8258423253950014,3.024468172484599,80.13741529104021,4.15,16600000000.0
Italie,Italy Buoni Poliennali Del Tesoro,10Y,Nominal,2035-10-01,11.359342915811089,3.4649816795183863,2.8719671457905545,59.301453372783186,3.6,20523784000.0
Italie,Italy Buoni Poliennali Del Tesoro,8Y,Nominal,2031-10-30,7.438740588637919,2.868793091341182,2.6361505817932924,23.264250954788945,4.0,13025573000.0
Italie,Italy Buoni Poliennali Del Tesoro,50Y,Nominal,2067-03-01,42.77344284736482,4.308438993371211,3.080914031485284,122.75249618859267,2.8,10633000000.0
Italie,Italy Buoni Poliennali Del Tesoro,10Y,Nominal,2034-03-01,9.774127310061601,3.2588880572902434,2.7856735112936346,47.32145459966088,4.2,20173518000.0
Italie,Italy Buoni Poliennali Del Tesoro,30Y,Nominal,2052-09-01,28.279260780287473,4.266155335642607,3.128688295687885,113.74670399547222,2.15,9102430000.0
Italie,Italy Buoni Poliennali Del Tesoro,10Y,Nominal,2033-05-01,8.941820670773442,3.1266807571275423,2.7362765229295003,39.040423419804206,4.4,21350000000.0
Italie,Italy Buoni Poliennali Del Tesoro,10Y,Nominal,2032-06-01,8.02737850787132,2.9737188765553757,2.677752224503765,29.596665205161088,0.95,22600000000.0
Italie,Italy Buoni Poliennali Del Tesoro,20Y,Nominal,2043-09-01,19.277207392197127,4.050947823383866,3.094989733059548,95.59580903243176,4.45,14900000000.0
Italie,Italy Buoni Poliennali Del Tesoro,24Y,Nominal,2045-04-30,20.93908281998631,4.0658066468953535,3.11213196440794,95.36746824874136,1.5,13500000000.0
Italie,Italy Buoni Poliennali Del Tesoro,7Y,Nominal,2032-07-15,8.147843942505133,3.0394803004041293,2.6854620123203286,35.401828808380074,3.25,18617355000.0
Italie,Italy Buoni Poliennali Del Tesoro,15Y,Nominal,2033-09-01,9.27857631759069,3.1600309107067126,2.7564360027378507,40.35949079688619,2.45,22876925000.0
Italie,Italy Buoni Poliennali Del Tesoro,16Y,Nominal,2038-03-01,13.774127310061601,3.6959320242219817,2.971416837782341,72.45151864396408,3.25,16062855000.0
Italie,Italy Buoni Poliennali Del Tesoro,10Y,Nominal,2028-12-01,4.528405201916495,2.3348502804259263,2.415329226557153,-8.047894613122653,2.8,23868192000.0
Italie,Italy Buoni Poliennali Del Tesoro,21Y,Nominal,2040-03-01,15.775496235455167,3.8347491966681524,3.031958932238193,80.27902644299596,3.1,14219900000.0
Italie,Italy Buoni Poliennali Del Tesoro,5Y,Nominal,2029-07-01,5.108829568788501,2.5188168226794483,2.4623798767967147,5.6436945882733625,3.35,19100000000.0
Italie,Italy Buoni Poliennali Del Tesoro,7Y,Nominal,2031-02-15,6.7351129363449695,2.8005140921322003,2.585398357289528,21.511573484267245,3.5,19000000000.0
Italie,Italy Buoni Poliennali Del Tesoro,2Y,Nominal,2026-01-28,1.6865160848733745,2.032923925680954,2.1729212867898697,-13.99973611089158,3.2,14633000000.0
Italie,Italy Buoni Poliennali Del Tesoro,16Y,Nominal,2037-03-01,12.774811772758385,3.596237033191807,2.9334428473648186,66.27941858269884,0.95,18032000000.0
Italie,Italy Buoni Poliennali Del Tesoro,7Y,Nominal,2029-06-15,5.065023956194388,2.483320981511139,2.459006844626968,2.4314136884171056,2.8,16800000000.0
Italie,Italy Buoni Poliennali Del Tesoro,31Y,Nominal,2046-09-01,22.27789185489391,4.129316344041523,3.1180227241615333,101.12936198799893,3.25,18904000000.0
Italie,Italy Buoni Poliennali Del Tesoro,4Y,Nominal,2029-01-15,4.65160848733744,2.4425241018013466,2.4254318959616703,1.70922058396763,2.35,12870000000.0
Italie,Italy Buoni Poliennali Del Tesoro,5Y,Nominal,2026-08-01,2.193018480492813,1.9306016457635966,2.214406570841889,-28.38049250782926,0.0,16705701000.0
Italie,Italy Buoni Poliennali Del Tesoro,10Y,Nominal,2026-12-01,2.5270362765229293,2.000733791960063,2.2427980835044488,-24.20642915443856,1.25,19776843000.0
Italie,Italy Buoni Poliennali Del Tesoro,5Y,Nominal,2026-04-01,1.8590006844626967,1.9541488244772538,2.1867200547570156,-23.257123027976178,0.0,17540309000.0
Italie,Italy Buoni Poliennali Del Tesoro,5Y,Nominal,2027-12-01,3.5263518138261465,2.2082807979081354,2.329845311430527,-12.15645135223915,2.65,20600000000.0
Italie,Italy Buoni Poliennali Del Tesoro,31Y,Nominal,2034-08-01,10.193018480492814,3.2920432537494992,2.8096160164271047,48.242723732239455,5.0,28290921000.0
Italie,Italy Buoni Poliennali Del Tesoro,10Y,Nominal,2027-06-01,3.025325119780972,2.0823752297072895,2.2852539356605064,-20.28787059532169,2.2,19869551000.0
Italie,Italy Buoni Poliennali Del Tesoro,5Y,Nominal,2028-08-01,4.1943874058863795,2.338494023003057,2.387939767282683,-4.944574427962589,3.8,17606000000.0
Italie,Italy Buoni Poliennali Del Tesoro,10Y,Nominal,2029-08-01,5.193702943189596,2.4744923853879275,2.468915126625599,0.5577258762328619,3.0,23966500000.0
Italie,Italy Buoni Poliennali Del Tesoro,17Y,Nominal,2032-03-01,7.775496235455168,2.933170053780687,2.660060232717317,27.310982106337,1.65,25486727000.0
Italie,Italy Buoni Poliennali Del Tesoro,7Y,Nominal,2029-12-15,5.566050650239562,2.591964765142807,2.4975859000684464,9.437886507436044,3.85,23346000000.0
Italie,Italy Buoni Poliennali Del Tesoro,11Y,Nominal,2030-04-01,5.859000684462697,2.607529207308068,2.5201430527036277,8.738615460444032,1.35,25258941000.0
Italie,Italy Buoni Poliennali Del Tesoro,8Y,Nominal,2027-01-15,2.650239561943874,2.027450783912732,2.253270362765229,-22.581957885249704,0.85,19841928000.0
Italie,Italy Buoni Poliennali Del Tesoro,7Y,Nominal,2030-06-15,6.064339493497604,2.683613251702477,2.535761122518823,14.785212918365387,3.7,16318312000.0
Italie,Italy Buoni Poliennali Del Tesoro,3Y,Nominal,2027-02-15,2.735112936344969,2.135410822542716,2.260484599589322,-12.507377704660616,2.95,17300000000.0
Italie,Italy Buoni Poliennali Del Tesoro,10Y,Nominal,2028-02-01,3.696098562628337,2.1714970565089198,2.344952772073922,-17.345571556500204,2.0,24077136000.0
Italie,Italy Buoni Poliennali Del Tesoro,5Y,Nominal,2027-04-01,2.858316221765914,2.102098689446308,2.2709568788501024,-16.88581894037946,1.1,17100000000.0
Italie,Italy Buoni Poliennali Del Tesoro,3Y,Nominal,2026-01-15,1.6509240246406571,2.023647010572247,2.1700739219712526,-14.642691139900554,3.5,15119000000.0
Italie,Italy Buoni Poliennali Del Tesoro,21Y,Nominal,2041-03-01,16.774811772758383,3.920077635266206,3.0499466119096508,87.01310233565552,1.8,17600000000.0
Italie,Italy Buoni Poliennali Del Tesoro,3Y,Nominal,2026-09-15,2.316221765913758,2.077396652825536,2.2248788501026695,-14.74821972771334,3.85,16773000000.0
Italie,Italy Buoni Poliennali Del Tesoro,10Y,Nominal,2030-08-01,6.193018480492813,2.6718828051772947,2.5452833675564683,12.659943762082637,0.95,18895169000.0
Italie,Italy Buoni Poliennali Del Tesoro,16Y,Nominal,2036-03-01,11.775496235455167,3.495908257931424,2.892774811772758,60.31334461586657,1.45,15400000000.0
Italie,Italy Buoni Poliennali Del Tesoro,31Y,Nominal,2029-11-01,5.44558521560575,2.5116358874269107,2.4883100616016427,2.3325825825267987,5.25,30819999209.0
Italie,Italy Buoni Poliennali Del Tesoro,31Y,Nominal,2040-09-01,16.279260780287473,3.8591445090107923,3.0410266940451742,81.8117814965618,5.0,25352000000.0
Italie,Italy Buoni Poliennali Del Tesoro,30Y,Nominal,2050-09-01,26.27789185489391,4.230184493913969,3.1294888432580423,110.06956506559264,2.45,16834623000.0
Italie,Italy Buoni Poliennali Del Tesoro,20Y,Nominal,2036-09-01,12.279260780287474,3.5237066368022596,2.9146119096509238,60.90947271513358,2.25,17178000000.0
Italie,Italy Buoni Poliennali Del Tesoro,31Y,Nominal,2047-03-01,22.77344284736482,4.136274360680203,3.120203148528405,101.6071212151798,2.7,18740969000.0
Italie,Italy Buoni Poliennali Del Tesoro,7Y,Nominal,2030-11-15,6.483230663928816,2.7595420625845524,2.5667590691307325,19.27829934538199,4.0,17422664000.0
Italie,Italy Buoni Poliennali Del Tesoro,13Y,Nominal,2035-04-30,10.937713894592745,3.3378513347367855,2.850574264202601,48.72770705341844,4.0,14530000000.0
Italie,Italy Buoni Poliennali Del Tesoro,10Y,Nominal,2027-08-01,3.19233401779603,2.1113071823139817,2.3001177275838467,-18.881054526986496,2.05,20197000000.0
Italie,Italy Buoni Poliennali Del Tesoro,7Y,Nominal,2029-02-15,4.736481861738535,2.4077381680092325,2.43239151266256,-2.465334465332747,0.45,17150000000.0
Italie,Italy Buoni Poliennali Del Tesoro,5Y,Nominal,2026-02-01,1.6974674880219027,2.022967777084998,2.173797399041752,-15.082962195675398,0.5,18487000000.0
Italie,Italy Buoni Poliennali Del Tesoro,30Y,Nominal,2026-11-01,2.4449007529089664,2.0285845264389035,2.235816563997262,-20.72320375583585,7.25,12423130223.0
Italie,Italy Buoni Poliennali Del Tesoro,11Y,Nominal,2031-04-01,6.8583162217659135,2.7928329277051356,2.5945154004106774,19.831752729445817,0.9,25950073000.0
Italie,Italy Buoni Poliennali Del Tesoro,10Y,Nominal,2030-12-01,6.52703627652293,2.737516372218307,2.570000684462697,16.75156877556101,1.65,23107903000.0
Italie,Italy Buoni Poliennali Del Tesoro,10Y,Nominal,2026-06-01,2.026009582477755,1.9826811008169183,2.200210814510609,-21.752971369369067,1.6,19927500000.0
Italie,Italy Buoni Poliennali Del Tesoro,32Y,Nominal,2039-08-01,15.19233401779603,3.7786767272717015,3.0214620123203284,75.72147149513731,5.0,26589265000.0
Italie,Italy Buoni Poliennali Del Tesoro,7Y,Nominal,2028-07-15,4.147843942505133,2.2848534135744947,2.3841232032854207,-9.926978971092604,0.5,16494896000.0
Italie,Italy Buoni Poliennali Del Tesoro,5Y,Nominal,2028-04-01,3.8603696098562628,2.2633115134148563,2.3595728952772075,-9.626138186235123,3.4,18300000000.0
Italie,Italy Buoni Poliennali Del Tesoro,16Y,Nominal,2030-03-01,5.774127310061601,2.5903754793296763,2.5136078028747435,7.6767676454932765,3.5,30206449000.0
Italie,Italy Buoni Poliennali Del Tesoro,20Y,Nominal,2038-09-01,14.277891854893909,3.71395073140639,2.9905598904859683,72.3390840920422,2.95,16963750000.0
Italie,Italy Buoni Poliennali Del Tesoro,10Y,Nominal,2031-08-01,7.19233401779603,2.8515689632935715,2.618655715263518,23.29132480300533,0.6,21300000000.0
Italie,Italy Buoni Poliennali Del Tesoro,7Y,Nominal,2026-07-15,2.1464750171115674,1.9748201230306295,2.2104503764544834,-23.56302534238539,2.1,17225321000.0
Italie,Italy Buoni Poliennali Del Tesoro,13Y,Nominal,2037-10-30,13.440109514031485,3.654220200322067,2.9587241615331963,69.54960387888707,4.05,14000000000.0
Italie,Italy Buoni Poliennali Del Tesoro,15Y,Nominal,2028-09-01,4.2792607802874745,2.346991576064239,2.394899383983573,-4.790780791933402,4.75,26576154000.0
Italie,Italy Buoni Poliennali Del Tesoro,16Y,Nominal,2026-03-01,1.7741273100616017,1.9222449919754752,2.179930184804928,-25.768519282945277,4.5,21222898000.0
Italie,Italy Buoni Poliennali Del Tesoro,7Y,Nominal,2027-09-15,3.3155373032169746,2.1408078998953695,2.3110828199863107,-17.027492009094125,0.95,22532697000.0
Italie,Italy Buoni Poliennali Del Tesoro,31Y,Nominal,2044-09-01,20.279260780287473,4.036008422610093,3.109228747433265,92.67796751768284,4.75,20483479000.0
Italie,Italy Buoni Poliennali Del Tesoro,30Y,Nominal,2027-11-01,3.4442162902121836,2.1879612777203183,2.322535249828884,-13.45739721085657,6.5,27763132148.0
Italie,Italy Buoni Poliennali Del Tesoro,7Y,Nominal,2028-03-15,3.813826146475017,2.2221602818913055,2.3554305270362765,-13.327024514497099,0.25,19300378000.0
Italie,Italy Buoni Poliennali Del Tesoro,31Y,Nominal,2033-02-01,8.698151950718685,3.104834780195409,2.720681724845996,38.415305534941304,5.75,26261000000.0
Italie,Italy Buoni Poliennali Del Tesoro,5Y,Nominal,2029-02-01,4.698151950718686,2.4465465719432977,2.4292484599589326,1.729811198436515,4.1,17601644000.0
Italie,Italy Buoni Poliennali Del Tesoro,3Y,Nominal,2026-04-15,1.8973305954825461,1.98705980587311,2.1897864476386038,-20.272664176549384,3.8,12323893000.0
Italie,Italy Buoni Poliennali Del Tesoro,10Y,Nominal,2031-12-01,7.526351813826146,2.9069287285683254,2.6423709787816563,26.455774978666913,0.95,20515000000.0
Italie,Italy Buoni Poliennali Del Tesoro,31Y,Nominal,2031-05-01,6.940451745379876,2.7685410149520973,2.6005934291581108,16.79475857939865,6.0,32254500000.0
Italie,Italy Buoni Poliennali Del Tesoro,10Y,Nominal,2036-02-01,11.696098562628336,3.5087916141326447,2.888804928131417,61.99866860012278,3.45,9077369000.0
Italie,Italy Buoni Poliennali Del Tesoro,5Y,Nominal,2031-02-01,6.69678302532512,2.8044013783773414,2.582561943874059,22.183943450328236,2.85,11550000000.0
Italie,Italy Buoni Poliennali Del Tesoro,7Y,Nominal,2032-11-15,8.484599589322382,3.0945370432502894,2.707014373716633,38.75226695336566,3.25,18700000000.0
Italie,Italy Buoni Poliennali Del Tesoro,30Y,Nominal,2055-10-01,31.359342915811087,4.41394701267106,3.123786036960986,129.01609757100744,4.65,6500000000.0
